[{"id": "ChIJ8yJ6relJXhMRo2XqEv0keZU", "name": "SUPERMARKET \"3A ARAPIS\"", "address": "Maizonos 22-24, Patra", "types": ["supermarket", "grocery_or_supermarket", "food", "point_of_interest", "store", "establishment"], "coordinates": {"lat": 38.25060850000001, "lng": 21.7398956}, "rating": 4.2, "rating_n": 232, "current_popularity": 29, "populartimes": [{"name": "Monday", "data": [0, 0, 0, 0, 0, 0, 0, 0, 19, 38, 60, 79, 89, 86, 70, 50, 33, 40, 71, 83, 49, 0, 0, 0]}, {"name": "Tuesday", "data": [0, 0, 0, 0, 0, 0, 0, 0, 16, 32, 49, 65, 74, 73, 62, 46, 37, 53, 84, 88, 49, 0, 0, 0]}, {"name": "Wednesday", "data": [0, 0, 0, 0, 0, 0, 0, 0, 12, 35, 51, 58, 81, 100, 78, 52, 46, 46, 44, 40, 33, 0, 0, 0]}, {"name": "Thursday", "data": [0, 0, 0, 0, 0, 0, 0, 0, 16, 30, 45, 59, 67, 66, 57, 46, 40, 46, 60, 64, 49, 0, 0, 0]}, {"name": "Friday", "data": [0, 0, 0, 0, 0, 0, 0, 0, 12, 26, 44, 60, 69, 64, 51, 36, 32, 47, 67, 68, 42, 0, 0, 0]}, {"name": "Saturday", "data": [0, 0, 0, 0, 0, 0, 0, 0, 5, 21, 44, 67, 80, 78, 64, 49, 38, 32, 25, 16, 0, 0, 0, 0]}, {"name": "Sunday", "data": [0, 0, 0, 0, 0, 0, 0, 0, 0, 0, 0, 0, 0, 0, 0, 0, 0, 0, 0, 0, 0, 0, 0, 0]}], "time_spent": [15, 15]}, {"id": "ChIJ4e-5v05JXhMRDZp4UgNSSqg", "name": "Black Fox", "address": "Maizonos 30, Patra", "types": ["cafe", "food", "point_of_interest", "establishment"], "coordinates": {"lat": 38.2499404, "lng": 21.7391403}, "rating": 5, "rating_n": 50, "populartimes": [{"name": "Monday", "data": [0, 0, 0, 0, 0, 14, 28, 44, 58, 63, 56, 45, 49, 66, 50, 20, 17, 31, 44, 48, 37, 20, 0, 0]}, {"name": "Tuesday", "data": [0, 0, 0, 0, 0, 19, 29, 40, 46, 48, 56, 75, 84, 63, 31, 16, 18, 25, 32, 34, 31, 23, 0, 0]}, {"name": "Wednesday", "data": [0, 0, 0, 0, 0, 14, 26, 41, 58, 72, 77, 73, 62, 48, 36, 29, 27, 26, 26, 24, 20, 15, 0, 0]}, {"name": "Thursday", "data": [0, 0, 0, 0, 0, 12, 26, 45, 62, 71, 79, 92, 94, 70, 36, 13, 8, 13, 24, 30, 28, 19, 0, 0]}, {"name": "Friday", "data": [0, 0, 0, 0, 0, 13, 25, 41, 56, 65, 71, 80, 84, 61, 29, 16, 17, 26, 33, 34, 28, 19, 0, 0]}, {"name": "Saturday", "data": [0, 0, 0, 0, 0, 13, 21, 32, 44, 57, 67, 70, 64, 53, 40, 32, 32, 35, 37, 35, 27, 17, 0, 0]}, {"name": "Sunday", "data": [0, 0, 0, 0, 0, 0, 0, 14, 20, 35, 58, 84, 100, 95, 76, 57, 46, 40, 35, 27, 18, 0, 0, 0]}], "time_spent": [20, 60]}, {"id": "ChIJyRizl0hJXhMRYIWm34jaikk", "name": "MAD PIGEON", "address": "Riga Fereou 40, Patra", "types": ["cafe", "food", "point_of_interest", "establishment"], "coordinates": {"lat": 38.249669, "lng": 21.7373873}, "rating": 5, "rating_n": 15, "populartimes": [{"name": "Monday", "data": [0, 0, 0, 0, 0, 0, 0, 9, 36, 34, 16, 21, 34, 43, 43, 34, 22, 16, 22, 36, 48, 48, 34, 0]}, {"name": "Tuesday", "data": [0, 0, 0, 0, 0, 0, 0, 6, 24, 54, 68, 53, 37, 34, 33, 28, 24, 24, 31, 42, 53, 57, 53, 0]}, {"name": "Wednesday", "data": [0, 0, 0, 0, 0, 0, 0, 21, 31, 43, 53, 59, 57, 51, 42, 33, 28, 31, 42, 54, 60, 57, 43, 0]}, {"name": "Thursday", "data": [0, 0, 0, 0, 0, 0, 0, 16, 30, 50, 68, 80, 83, 72, 56, 37, 24, 22, 36, 63, 90, 100, 83, 0]}, {"name": "Friday", "data": [0, 0, 0, 0, 0, 0, 0, 9, 18, 30, 45, 60, 68, 69, 60, 46, 31, 22, 22, 34, 57, 77, 81, 66]}, {"name": "Saturday", "data": [40, 19, 7, 0, 0, 0, 0, 4, 10, 22, 37, 54, 66, 66, 56, 40, 25, 16, 19, 31, 50, 65, 66, 54]}, {"name": "Sunday", "data": [34, 18, 7, 0, 0, 0, 0, 0, 3, 13, 34, 63, 78, 66, 37, 15, 6, 12, 33, 68, 90, 81, 48, 0]}], "time_spent": [25, 90]}, {"id": "ChIJ_7nx_mxJXhMRSrp68dDU67M", "name": "Coffee Lab", "address": "Maizonos 47, Patra", "types": ["cafe", "food", "point_of_interest", "establishment"], "coordinates": {"lat": 38.2496651, "lng": 21.7390541}, "rating": 4.4, "rating_n": 51, "populartimes": [{"name": "Monday", "data": [0, 0, 0, 0, 0, 0, 9, 16, 25, 38, 51, 64, 70, 64, 54, 38, 25, 16, 38, 67, 19, 3, 0, 0]}, {"name": "Tuesday", "data": [0, 0, 0, 0, 0, 0, 3, 12, 38, 70, 100, 100, 70, 41, 25, 25, 32, 45, 51, 54, 51, 41, 29, 0]}, {"name": "Wednesday", "data": [0, 0, 0, 0, 0, 0, 12, 16, 19, 29, 41, 48, 51, 41, 29, 22, 25, 38, 48, 51, 45, 32, 16, 0]}, {"name": "Thursday", "data": [0, 0, 0, 0, 0, 0, 12, 16, 29, 41, 51, 51, 45, 38, 35, 48, 64, 80, 87, 80, 61, 41, 25, 0]}, {"name": "Friday", "data": [0, 0, 0, 0, 0, 0, 12, 19, 29, 38, 51, 61, 67, 67, 70, 70, 77, 80, 74, 61, 38, 22, 12, 0]}, {"name": "Saturday", "data": [0, 0, 0, 0, 0, 0, 16, 32, 45, 45, 32, 25, 58, 74, 41, 32, 35, 35, 35, 32, 29, 22, 19, 0]}, {"name": "Sunday", "data": [0, 0, 0, 0, 0, 0, 0, 0, 3, 29, 77, 100, 58, 22, 38, 32, 19, 22, 29, 32, 29, 25, 19, 0]}]}, {"id": "ChIJvdLwXS1JXhMRif9ab2ps-gA", "name": "Σαν όνειρο", "address": "Maizonos 29, Patra", "types": ["clothing_store", "point_of_interest", "store", "establishment"], "coordinates": {"lat": 38.2500604, "lng": 21.7395399}, "rating": 5, "rating_n": 4, "populartimes": [{"name": "Monday", "data": [0, 0, 0, 0, 0, 0, 0, 0, 0, 0, 0, 19, 100, 76, 11, 0, 0, 0, 0, 0, 0, 0, 0, 0]}, {"name": "Tuesday", "data": [0, 0, 0, 0, 0, 0, 0, 0, 0, 3, 11, 26, 38, 42, 0, 0, 0, 11, 19, 19, 11, 0, 0, 0]}, {"name": "Wednesday", "data": [0, 0, 0, 0, 0, 0, 0, 0, 0, 0, 0, 0, 0, 0, 0, 0, 0, 0, 0, 0, 0, 0, 0, 0]}, {"name": "Thursday", "data": [0, 0, 0, 0, 0, 0, 0, 0, 0, 7, 15, 34, 57, 30, 0, 0, 0, 0, 15, 46, 38, 0, 0, 0]}, {"name": "Friday", "data": [0, 0, 0, 0, 0, 0, 0, 0, 0, 7, 19, 34, 38, 26, 0, 0, 0, 19, 23, 26, 19, 0, 0, 0]}, {"name": "Saturday", "data": [0, 0, 0, 0, 0, 0, 0, 0, 0, 0, 0, 0, 0, 0, 0, 0, 0, 0, 0, 0, 0, 0, 0, 0]}, {"name": "Sunday", "data": [0, 0, 0, 0, 0, 0, 0, 0, 0, 0, 0, 0, 0, 0, 0, 0, 0, 0, 0, 0, 0, 0, 0, 0]}]}, {"id": "ChIJXXD-Nt1JXhMRWCTJyMxS_Xg", "name": "adidas Store Patra", "address": "Agiou Nikolaou &, Agiou Andreou 27, Patra", "types": ["shoe_store", "point_of_interest", "clothing_store", "store", "establishment"], "coordinates": {"lat": 38.25045799999999, "lng": 21.737299}, "rating": 3.7, "rating_n": 26, "populartimes": [{"name": "Monday", "data": [0, 0, 0, 0, 0, 0, 0, 0, 0, 0, 16, 35, 45, 33, 19, 11, 7, 4, 23, 45, 14, 0, 0, 0]}, {"name": "Tuesday", "data": [0, 0, 0, 0, 0, 0, 0, 0, 0, 0, 23, 33, 28, 21, 21, 23, 23, 21, 30, 66, 73, 0, 0, 0]}, {"name": "Wednesday", "data": [0, 0, 0, 0, 0, 0, 0, 0, 0, 0, 28, 33, 16, 38, 47, 33, 16, 14, 19, 21, 14, 0, 0, 0]}, {"name": "Thursday", "data": [0, 0, 0, 0, 0, 0, 0, 0, 0, 0, 4, 16, 26, 23, 19, 23, 40, 59, 66, 59, 38, 0, 0, 0]}, {"name": "Friday", "data": [0, 0, 0, 0, 0, 0, 0, 0, 0, 0, 28, 40, 47, 42, 33, 21, 14, 19, 50, 83, 69, 0, 0, 0]}, {"name": "Saturday", "data": [0, 0, 0, 0, 0, 0, 0, 0, 0, 0, 52, 80, 100, 97, 73, 45, 21, 21, 54, 26, 0, 0, 0, 0]}, {"name": "Sunday", "data": [0, 0, 0, 0, 0, 0, 0, 0, 0, 0, 0, 0, 0, 0, 0, 0, 0, 0, 0, 0, 0, 0, 0, 0]}]}]